acousticness,album_id,album_name,analysis_url,danceability,duration_ms,energy,id,instrumentalness,key,liveness,loudness,mode,release_date,short_album_name,speechiness,tempo,time_signature,track_href,track_name,type,uri,valence
0.0016,5NzdnPboXcqvuvyEH1wSEJ,Lace Up (Deluxe),https://api.spotify.com/v1/audio-analysis/6LSxkY68uoiwDaZZM0zZ2l,0.583,202173,0.856,6LSxkY68uoiwDaZZM0zZ2l,0.0,0,0.31,-5.565,1,2012-01-01,Lace Up,0.0545,148.75,4,https://api.spotify.com/v1/tracks/6LSxkY68uoiwDaZZM0zZ2l,Warning Shot,audio_features,spotify:track:6LSxkY68uoiwDaZZM0zZ2l,0.288
0.0767,5NzdnPboXcqvuvyEH1wSEJ,Lace Up (Deluxe),https://api.spotify.com/v1/audio-analysis/74xmwuNap4wOuhFzSZJnZ0,0.64,192533,0.735,74xmwuNap4wOuhFzSZJnZ0,0.0,8,0.0916,-9.878,1,2012-01-01,Lace Up,0.0397,131.949,4,https://api.spotify.com/v1/tracks/74xmwuNap4wOuhFzSZJnZ0,Save Me,audio_features,spotify:track:74xmwuNap4wOuhFzSZJnZ0,0.114
0.224,5NzdnPboXcqvuvyEH1wSEJ,Lace Up (Deluxe),https://api.spotify.com/v1/audio-analysis/3YmMszNMFD4VnkVPPDQlrk,0.763,272547,0.808,3YmMszNMFD4VnkVPPDQlrk,0.0,6,0.0957,-5.758,0,2012-01-01,Lace Up,0.257,139.95,4,https://api.spotify.com/v1/tracks/3YmMszNMFD4VnkVPPDQlrk,What I Do,audio_features,spotify:track:3YmMszNMFD4VnkVPPDQlrk,0.673
0.0292,5NzdnPboXcqvuvyEH1wSEJ,Lace Up (Deluxe),https://api.spotify.com/v1/audio-analysis/5jcMhhJ0gXhtruaFIBbL3t,0.801,231373,0.682,5jcMhhJ0gXhtruaFIBbL3t,0.0,10,0.226,-4.676,0,2012-01-01,Lace Up,0.0498,140.061,4,https://api.spotify.com/v1/tracks/5jcMhhJ0gXhtruaFIBbL3t,Wild Boy,audio_features,spotify:track:5jcMhhJ0gXhtruaFIBbL3t,0.484
0.00131,5NzdnPboXcqvuvyEH1wSEJ,Lace Up (Deluxe),https://api.spotify.com/v1/audio-analysis/5ZrUonmI5ebVMFPRAvSkVJ,0.82,182067,0.9,5ZrUonmI5ebVMFPRAvSkVJ,0.0,11,0.189,-7.256,0,2012-01-01,Lace Up,0.0976,122.997,4,https://api.spotify.com/v1/tracks/5ZrUonmI5ebVMFPRAvSkVJ,Lace Up,audio_features,spotify:track:5ZrUonmI5ebVMFPRAvSkVJ,0.365
0.0132,5NzdnPboXcqvuvyEH1wSEJ,Lace Up (Deluxe),https://api.spotify.com/v1/audio-analysis/4BRmYIPSzIMyFH00b9ebp2,0.796,234387,0.759,4BRmYIPSzIMyFH00b9ebp2,0.0,4,0.612,-5.937,1,2012-01-01,Lace Up,0.118,131.979,4,https://api.spotify.com/v1/tracks/4BRmYIPSzIMyFH00b9ebp2,Stereo,audio_features,spotify:track:4BRmYIPSzIMyFH00b9ebp2,0.573
0.0919,5NzdnPboXcqvuvyEH1wSEJ,Lace Up (Deluxe),https://api.spotify.com/v1/audio-analysis/0nZTlKnYykh53DVSXk4nBZ,0.633,207120,0.843,0nZTlKnYykh53DVSXk4nBZ,0.0,3,0.243,-6.139,1,2012-01-01,Lace Up,0.133,94.995,4,https://api.spotify.com/v1/tracks/0nZTlKnYykh53DVSXk4nBZ,All We Have,audio_features,spotify:track:0nZTlKnYykh53DVSXk4nBZ,0.425
0.0445,5NzdnPboXcqvuvyEH1wSEJ,Lace Up (Deluxe),https://api.spotify.com/v1/audio-analysis/1KKNKDlRjPrpKV1X0S1COG,0.707,249627,0.684,1KKNKDlRjPrpKV1X0S1COG,0.0,11,0.135,-7.689,0,2012-01-01,Lace Up,0.245,139.973,4,https://api.spotify.com/v1/tracks/1KKNKDlRjPrpKV1X0S1COG,See My Tears,audio_features,spotify:track:1KKNKDlRjPrpKV1X0S1COG,0.339
0.0157,5NzdnPboXcqvuvyEH1wSEJ,Lace Up (Deluxe),https://api.spotify.com/v1/audio-analysis/2yItQevApTE8hMYPFirqcs,0.658,210693,0.7,2yItQevApTE8hMYPFirqcs,2.55e-06,10,0.0332,-5.212,0,2012-01-01,Lace Up,0.258,73.606,4,https://api.spotify.com/v1/tracks/2yItQevApTE8hMYPFirqcs,Hold On (Shut Up),audio_features,spotify:track:2yItQevApTE8hMYPFirqcs,0.188
0.045,5NzdnPboXcqvuvyEH1wSEJ,Lace Up (Deluxe),https://api.spotify.com/v1/audio-analysis/2s9JtWG8ojIgAn746GrCN1,0.773,307893,0.781,2s9JtWG8ojIgAn746GrCN1,0.0,6,0.14,-6.967,0,2012-01-01,Lace Up,0.0512,131.971,4,https://api.spotify.com/v1/tracks/2s9JtWG8ojIgAn746GrCN1,Edge Of Destruction,audio_features,spotify:track:2s9JtWG8ojIgAn746GrCN1,0.13
0.0698,5NzdnPboXcqvuvyEH1wSEJ,Lace Up (Deluxe),https://api.spotify.com/v1/audio-analysis/0lgVoUJ2uVH9dwCFPJ3VI6,0.564,167707,0.734,0lgVoUJ2uVH9dwCFPJ3VI6,0.0,8,0.157,-5.676,1,2012-01-01,Lace Up,0.035,140.053,4,https://api.spotify.com/v1/tracks/0lgVoUJ2uVH9dwCFPJ3VI6,Runnin',audio_features,spotify:track:0lgVoUJ2uVH9dwCFPJ3VI6,0.536
0.0285,5NzdnPboXcqvuvyEH1wSEJ,Lace Up (Deluxe),https://api.spotify.com/v1/audio-analysis/6g0lA3tckAh7LlkifNvN87,0.479,185733,0.859,6g0lA3tckAh7LlkifNvN87,0.0,1,0.152,-5.28,1,2012-01-01,Lace Up,0.368,118.253,5,https://api.spotify.com/v1/tracks/6g0lA3tckAh7LlkifNvN87,Invincible,audio_features,spotify:track:6g0lA3tckAh7LlkifNvN87,0.261
0.187,5NzdnPboXcqvuvyEH1wSEJ,Lace Up (Deluxe),https://api.spotify.com/v1/audio-analysis/4JbTK6Osj650mcvHXKDU0F,0.755,250747,0.829,4JbTK6Osj650mcvHXKDU0F,5.71e-06,7,0.12,-5.06,1,2012-01-01,Lace Up,0.14,88.023,4,https://api.spotify.com/v1/tracks/4JbTK6Osj650mcvHXKDU0F,On My Way,audio_features,spotify:track:4JbTK6Osj650mcvHXKDU0F,0.318
0.174,5NzdnPboXcqvuvyEH1wSEJ,Lace Up (Deluxe),https://api.spotify.com/v1/audio-analysis/1lHyxaX6V9ewCD1d0tUvG7,0.766,244267,0.704,1lHyxaX6V9ewCD1d0tUvG7,0.0,9,0.203,-6.162,0,2012-01-01,Lace Up,0.166,91.56,4,https://api.spotify.com/v1/tracks/1lHyxaX6V9ewCD1d0tUvG7,End Of The Road,audio_features,spotify:track:1lHyxaX6V9ewCD1d0tUvG7,0.26
0.00339,5NzdnPboXcqvuvyEH1wSEJ,Lace Up (Deluxe),https://api.spotify.com/v1/audio-analysis/2xLV7fBXitj87f59CWhVNq,0.758,171667,0.817,2xLV7fBXitj87f59CWhVNq,0.0,1,0.138,-5.055,1,2012-01-01,Lace Up,0.106,104.949,4,https://api.spotify.com/v1/tracks/2xLV7fBXitj87f59CWhVNq,Half Naked & Almost Famous,audio_features,spotify:track:2xLV7fBXitj87f59CWhVNq,0.427
0.0591,5NzdnPboXcqvuvyEH1wSEJ,Lace Up (Deluxe),https://api.spotify.com/v1/audio-analysis/6fRoYaEe8mgHs7eF2xXeBm,0.434,261413,0.659,6fRoYaEe8mgHs7eF2xXeBm,0.0,8,0.281,-7.114,0,2012-01-01,Lace Up,0.24,78.434,4,https://api.spotify.com/v1/tracks/6fRoYaEe8mgHs7eF2xXeBm,D3MONS,audio_features,spotify:track:6fRoYaEe8mgHs7eF2xXeBm,0.0647
0.0951,1HK1WLip5xwWQYixdF3Jsk,General Admission,https://api.spotify.com/v1/audio-analysis/72nxQrIi70DmIfuzFoRh7B,0.469,303600,0.605,72nxQrIi70DmIfuzFoRh7B,4.5e-05,9,0.161,-8.53,0,2015-10-16,General Admission,0.137,90.804,4,https://api.spotify.com/v1/tracks/72nxQrIi70DmIfuzFoRh7B,Spotlight,audio_features,spotify:track:72nxQrIi70DmIfuzFoRh7B,0.355
0.0884,1HK1WLip5xwWQYixdF3Jsk,General Admission,https://api.spotify.com/v1/audio-analysis/0Yvwo9fENGoa60k3ClwzQf,0.783,212560,0.729,0Yvwo9fENGoa60k3ClwzQf,0.0,6,0.237,-6.398,0,2015-10-16,General Admission,0.204,124.103,4,https://api.spotify.com/v1/tracks/0Yvwo9fENGoa60k3ClwzQf,Alpha Omega,audio_features,spotify:track:0Yvwo9fENGoa60k3ClwzQf,0.233
0.0305,1HK1WLip5xwWQYixdF3Jsk,General Admission,https://api.spotify.com/v1/audio-analysis/7rq7HvZrCie7MmiGm8pUVC,0.865,212213,0.633,7rq7HvZrCie7MmiGm8pUVC,0.0,0,0.136,-7.023,0,2015-10-16,General Admission,0.107,110.05,4,https://api.spotify.com/v1/tracks/7rq7HvZrCie7MmiGm8pUVC,Till I Die,audio_features,spotify:track:7rq7HvZrCie7MmiGm8pUVC,0.311
0.228,1HK1WLip5xwWQYixdF3Jsk,General Admission,https://api.spotify.com/v1/audio-analysis/5qbhBDzV7r3RjT4ASzc49L,0.716,186013,0.508,5qbhBDzV7r3RjT4ASzc49L,0.0,8,0.32,-6.439,1,2015-10-16,General Admission,0.376,169.96,3,https://api.spotify.com/v1/tracks/5qbhBDzV7r3RjT4ASzc49L,Eddie Cane,audio_features,spotify:track:5qbhBDzV7r3RjT4ASzc49L,0.301
0.0889,1HK1WLip5xwWQYixdF3Jsk,General Admission,https://api.spotify.com/v1/audio-analysis/5qkAxtjTFSXDbfB37LWQNH,0.864,215107,0.582,5qkAxtjTFSXDbfB37LWQNH,0.0,10,0.085,-8.949,1,2015-10-16,General Admission,0.316,111.013,4,https://api.spotify.com/v1/tracks/5qkAxtjTFSXDbfB37LWQNH,World Series,audio_features,spotify:track:5qkAxtjTFSXDbfB37LWQNH,0.151
0.256,1HK1WLip5xwWQYixdF3Jsk,General Admission,https://api.spotify.com/v1/audio-analysis/6xVq1aDD9zn13GW1JOsZMv,0.757,178187,0.88,6xVq1aDD9zn13GW1JOsZMv,0.0,11,0.182,-4.957,0,2015-10-16,General Admission,0.285,141.045,4,https://api.spotify.com/v1/tracks/6xVq1aDD9zn13GW1JOsZMv,Oz.,audio_features,spotify:track:6xVq1aDD9zn13GW1JOsZMv,0.472
0.225,1HK1WLip5xwWQYixdF3Jsk,General Admission,https://api.spotify.com/v1/audio-analysis/26NP9TlHzftGbMQORpuLe4,0.51,241960,0.542,26NP9TlHzftGbMQORpuLe4,0.0,9,0.607,-8.621,1,2015-10-16,General Admission,0.249,86.576,3,https://api.spotify.com/v1/tracks/26NP9TlHzftGbMQORpuLe4,Everyday,audio_features,spotify:track:26NP9TlHzftGbMQORpuLe4,0.346
0.0171,1HK1WLip5xwWQYixdF3Jsk,General Admission,https://api.spotify.com/v1/audio-analysis/2kjPvFgVIGki2BRlOHvQQr,0.631,213960,0.86,2kjPvFgVIGki2BRlOHvQQr,5.83e-06,10,0.333,-4.994,0,2015-10-16,General Admission,0.121,181.868,4,https://api.spotify.com/v1/tracks/2kjPvFgVIGki2BRlOHvQQr,Bad Mother F*cker,audio_features,spotify:track:2kjPvFgVIGki2BRlOHvQQr,0.382
0.596,1HK1WLip5xwWQYixdF3Jsk,General Admission,https://api.spotify.com/v1/audio-analysis/29pgZPq4PhC5OxTuU2eDRh,0.575,190147,0.638,29pgZPq4PhC5OxTuU2eDRh,0.0,8,0.306,-8.515,1,2015-10-16,General Admission,0.32,102.067,4,https://api.spotify.com/v1/tracks/29pgZPq4PhC5OxTuU2eDRh,Story Of The Stairs,audio_features,spotify:track:29pgZPq4PhC5OxTuU2eDRh,0.228
0.141,1HK1WLip5xwWQYixdF3Jsk,General Admission,https://api.spotify.com/v1/audio-analysis/0u4zaXqDSnfkzWRDdSJfaj,0.602,213293,0.449,0u4zaXqDSnfkzWRDdSJfaj,1e-05,1,0.112,-9.183,1,2015-10-16,General Admission,0.476,186.327,4,https://api.spotify.com/v1/tracks/0u4zaXqDSnfkzWRDdSJfaj,Therapy,audio_features,spotify:track:0u4zaXqDSnfkzWRDdSJfaj,0.0743
0.00396,1HK1WLip5xwWQYixdF3Jsk,General Admission,https://api.spotify.com/v1/audio-analysis/29vxkoDeEXaW7cFcNn0Ikh,0.815,260467,0.521,29vxkoDeEXaW7cFcNn0Ikh,2.64e-05,8,0.333,-8.737,1,2015-10-16,General Admission,0.0688,114.2,4,https://api.spotify.com/v1/tracks/29vxkoDeEXaW7cFcNn0Ikh,Round Here,audio_features,spotify:track:29vxkoDeEXaW7cFcNn0Ikh,0.0401
0.0533,1HK1WLip5xwWQYixdF3Jsk,General Admission,https://api.spotify.com/v1/audio-analysis/2mCRr2EjObwLYpYyL4tiyt,0.729,282400,0.695,2mCRr2EjObwLYpYyL4tiyt,0.0,7,0.121,-8.982,1,2015-10-16,General Admission,0.0563,101.02,4,https://api.spotify.com/v1/tracks/2mCRr2EjObwLYpYyL4tiyt,Make It Happen,audio_features,spotify:track:2mCRr2EjObwLYpYyL4tiyt,0.368
0.175,1HK1WLip5xwWQYixdF3Jsk,General Admission,https://api.spotify.com/v1/audio-analysis/0oWLsEchzMxbZuwKLfCkXN,0.501,241360,0.86,0oWLsEchzMxbZuwKLfCkXN,0.0,9,0.234,-4.352,0,2015-10-16,General Admission,0.152,81.166,4,https://api.spotify.com/v1/tracks/0oWLsEchzMxbZuwKLfCkXN,Gone,audio_features,spotify:track:0oWLsEchzMxbZuwKLfCkXN,0.152
0.0734,1HK1WLip5xwWQYixdF3Jsk,General Admission,https://api.spotify.com/v1/audio-analysis/4VHhltj6aUxZJWnImrXDhC,0.654,237453,0.718,4VHhltj6aUxZJWnImrXDhC,0.00121,7,0.164,-6.663,1,2015-10-16,General Admission,0.0425,90.053,4,https://api.spotify.com/v1/tracks/4VHhltj6aUxZJWnImrXDhC,A Little More,audio_features,spotify:track:4VHhltj6aUxZJWnImrXDhC,0.234
0.0877,1HK1WLip5xwWQYixdF3Jsk,General Admission,https://api.spotify.com/v1/audio-analysis/7k9rcsOLrZBzxIL4cyAipZ,0.606,245600,0.935,7k9rcsOLrZBzxIL4cyAipZ,0.0,5,0.32,-4.106,1,2015-10-16,General Admission,0.273,160.154,4,https://api.spotify.com/v1/tracks/7k9rcsOLrZBzxIL4cyAipZ,Merry Go Round,audio_features,spotify:track:7k9rcsOLrZBzxIL4cyAipZ,0.674
0.0474,1HK1WLip5xwWQYixdF3Jsk,General Admission,https://api.spotify.com/v1/audio-analysis/4gKCKczP2zGcRn5okrxLU7,0.604,422720,0.697,4gKCKczP2zGcRn5okrxLU7,0.000537,8,0.19,-6.991,0,2015-10-16,General Admission,0.186,78.045,4,https://api.spotify.com/v1/tracks/4gKCKczP2zGcRn5okrxLU7,All Night Long,audio_features,spotify:track:4gKCKczP2zGcRn5okrxLU7,0.287
0.0152,6i34bwPf5FpNf0nh7sIXhv,bloom,https://api.spotify.com/v1/audio-analysis/7IHznpBxFDKwGSFFZitRk2,0.664,200116,0.597,7IHznpBxFDKwGSFFZitRk2,0.00218,0,0.0915,-8.835,1,2017-05-12,bloom,0.0437,143.99,4,https://api.spotify.com/v1/tracks/7IHznpBxFDKwGSFFZitRk2,Habits,audio_features,spotify:track:7IHznpBxFDKwGSFFZitRk2,0.201
0.00265,6i34bwPf5FpNf0nh7sIXhv,bloom,https://api.spotify.com/v1/audio-analysis/6lJbA3HMQlOI2JMdKbBKDi,0.771,200259,0.713,6lJbA3HMQlOI2JMdKbBKDi,1.97e-06,9,0.105,-6.755,0,2017-05-12,bloom,0.0643,130.095,4,https://api.spotify.com/v1/tracks/6lJbA3HMQlOI2JMdKbBKDi,The Break Up,audio_features,spotify:track:6lJbA3HMQlOI2JMdKbBKDi,0.235
0.0734,6i34bwPf5FpNf0nh7sIXhv,bloom,https://api.spotify.com/v1/audio-analysis/2Y0y4yxzNmKceQ0nBK2Qwj,0.499,298520,0.654,2Y0y4yxzNmKceQ0nBK2Qwj,0.000144,6,0.104,-6.782,1,2017-05-12,bloom,0.11,169.839,4,https://api.spotify.com/v1/tracks/2Y0y4yxzNmKceQ0nBK2Qwj,27,audio_features,spotify:track:2Y0y4yxzNmKceQ0nBK2Qwj,0.0464
0.242,6i34bwPf5FpNf0nh7sIXhv,bloom,https://api.spotify.com/v1/audio-analysis/0a5MTajqAAg3h3cpMLYOrb,0.503,210947,0.766,0a5MTajqAAg3h3cpMLYOrb,0.0,1,0.0879,-3.281,1,2017-05-12,bloom,0.334,179.342,4,https://api.spotify.com/v1/tracks/0a5MTajqAAg3h3cpMLYOrb,Go For Broke (feat. James Arthur),audio_features,spotify:track:0a5MTajqAAg3h3cpMLYOrb,0.646
0.125,6i34bwPf5FpNf0nh7sIXhv,bloom,https://api.spotify.com/v1/audio-analysis/26Up4Z4Tq5Yc8ajbDQwIXR,0.49,266320,0.607,26Up4Z4Tq5Yc8ajbDQwIXR,0.0,11,0.0953,-6.282,0,2017-05-12,bloom,0.0368,85.043,4,https://api.spotify.com/v1/tracks/26Up4Z4Tq5Yc8ajbDQwIXR,Rehab,audio_features,spotify:track:26Up4Z4Tq5Yc8ajbDQwIXR,0.155
0.214,6i34bwPf5FpNf0nh7sIXhv,bloom,https://api.spotify.com/v1/audio-analysis/1KzGj3xvi9IiY05kBlkm2G,0.697,239293,0.691,1KzGj3xvi9IiY05kBlkm2G,0.0,2,0.185,-4.757,1,2017-05-12,bloom,0.146,137.853,4,https://api.spotify.com/v1/tracks/1KzGj3xvi9IiY05kBlkm2G,Bad Things (with Camila Cabello),audio_features,spotify:track:1KzGj3xvi9IiY05kBlkm2G,0.305
0.0549,6i34bwPf5FpNf0nh7sIXhv,bloom,https://api.spotify.com/v1/audio-analysis/7gnkCmRNhpd5Tzgpc3n3La,0.508,185693,0.669,7gnkCmRNhpd5Tzgpc3n3La,0.0,2,0.28,-5.844,1,2017-05-12,bloom,0.0532,110.003,4,https://api.spotify.com/v1/tracks/7gnkCmRNhpd5Tzgpc3n3La,Canâ€™t Walk,audio_features,spotify:track:7gnkCmRNhpd5Tzgpc3n3La,0.108
0.00152,6i34bwPf5FpNf0nh7sIXhv,bloom,https://api.spotify.com/v1/audio-analysis/36QeeMZUSLm1OXqHAbrxuR,0.759,185520,0.556,36QeeMZUSLm1OXqHAbrxuR,2.3e-05,1,0.0884,-8.02,0,2017-05-12,bloom,0.333,143.97,4,https://api.spotify.com/v1/tracks/36QeeMZUSLm1OXqHAbrxuR,Moonwalkers (feat. DubXX),audio_features,spotify:track:36QeeMZUSLm1OXqHAbrxuR,0.131
0.0242,6i34bwPf5FpNf0nh7sIXhv,bloom,https://api.spotify.com/v1/audio-analysis/6rOydmHaiRvx1UMBCxbmb6,0.967,203000,0.646,6rOydmHaiRvx1UMBCxbmb6,2.31e-06,4,0.0916,-4.818,0,2017-05-12,bloom,0.0593,124.994,4,https://api.spotify.com/v1/tracks/6rOydmHaiRvx1UMBCxbmb6,Trap Paris (feat. Quavo & Ty Dolla $ign),audio_features,spotify:track:6rOydmHaiRvx1UMBCxbmb6,0.2
0.00663,6i34bwPf5FpNf0nh7sIXhv,bloom,https://api.spotify.com/v1/audio-analysis/1jMAzf2MOxCgI0bNtssXvA,0.651,198920,0.549,1jMAzf2MOxCgI0bNtssXvA,6.71e-06,10,0.183,-6.539,0,2017-05-12,bloom,0.363,129.962,4,https://api.spotify.com/v1/tracks/1jMAzf2MOxCgI0bNtssXvA,Golden God,audio_features,spotify:track:1jMAzf2MOxCgI0bNtssXvA,0.426
0.00222,6i34bwPf5FpNf0nh7sIXhv,bloom,https://api.spotify.com/v1/audio-analysis/2yFRFkZ4KFyrv7FFDSbR2I,0.711,187493,0.662,2yFRFkZ4KFyrv7FFDSbR2I,3.11e-06,0,0.126,-8.636,1,2017-05-12,bloom,0.0755,125.988,4,https://api.spotify.com/v1/tracks/2yFRFkZ4KFyrv7FFDSbR2I,Kiss the Sky,audio_features,spotify:track:2yFRFkZ4KFyrv7FFDSbR2I,0.0586
0.00273,6i34bwPf5FpNf0nh7sIXhv,bloom,https://api.spotify.com/v1/audio-analysis/46xDHGYxW0Z2o20sOsWLAx,0.524,199973,0.772,46xDHGYxW0Z2o20sOsWLAx,0.000169,7,0.224,-6.696,0,2017-05-12,bloom,0.152,169.855,4,https://api.spotify.com/v1/tracks/46xDHGYxW0Z2o20sOsWLAx,At My Best (feat. Hailee Steinfeld),audio_features,spotify:track:46xDHGYxW0Z2o20sOsWLAx,0.237
0.197,6i34bwPf5FpNf0nh7sIXhv,bloom,https://api.spotify.com/v1/audio-analysis/1beqtQO0aIc1dWsXr97Iji,0.601,185000,0.819,1beqtQO0aIc1dWsXr97Iji,0.0,10,0.161,-3.835,1,2017-05-12,bloom,0.101,170.117,4,https://api.spotify.com/v1/tracks/1beqtQO0aIc1dWsXr97Iji,Let You Go,audio_features,spotify:track:1beqtQO0aIc1dWsXr97Iji,0.21
0.000673,6i34bwPf5FpNf0nh7sIXhv,bloom,https://api.spotify.com/v1/audio-analysis/7BynqHgYlWeLRFETJuoipQ,0.341,183760,0.518,7BynqHgYlWeLRFETJuoipQ,0.00716,9,0.745,-5.012,0,2017-05-12,bloom,0.07,52.538,4,https://api.spotify.com/v1/tracks/7BynqHgYlWeLRFETJuoipQ,Wake + Bake,audio_features,spotify:track:7BynqHgYlWeLRFETJuoipQ,0.0901
0.00368,6i34bwPf5FpNf0nh7sIXhv,bloom,https://api.spotify.com/v1/audio-analysis/6qST0IPVo7CCmKqxmTfCAm,0.757,218093,0.868,6qST0IPVo7CCmKqxmTfCAm,0.0168,10,0.131,-4.783,0,2017-05-12,bloom,0.0971,122.972,4,https://api.spotify.com/v1/tracks/6qST0IPVo7CCmKqxmTfCAm,The Gunner,audio_features,spotify:track:6qST0IPVo7CCmKqxmTfCAm,0.316
0.245,5YuscmEJSgkwWzBafTBKse,BINGE,https://api.spotify.com/v1/audio-analysis/1WEDk9ZjxoLEpToYe0ap7t,0.771,194427,0.66,1WEDk9ZjxoLEpToYe0ap7t,0.00204,7,0.117,-7.12,1,2018-09-21,BINGE,0.191,134.98,4,https://api.spotify.com/v1/tracks/1WEDk9ZjxoLEpToYe0ap7t,LIVEFASTDIEYOUNG,audio_features,spotify:track:1WEDk9ZjxoLEpToYe0ap7t,0.282
0.0774,5YuscmEJSgkwWzBafTBKse,BINGE,https://api.spotify.com/v1/audio-analysis/6KlVxwMX2pepWM9RkIYQvu,0.905,152613,0.535,6KlVxwMX2pepWM9RkIYQvu,0.000713,2,0.104,-8.867,1,2018-09-21,BINGE,0.231,129.037,4,https://api.spotify.com/v1/tracks/6KlVxwMX2pepWM9RkIYQvu,GET THE BROOM,audio_features,spotify:track:6KlVxwMX2pepWM9RkIYQvu,0.186
0.0266,5YuscmEJSgkwWzBafTBKse,BINGE,https://api.spotify.com/v1/audio-analysis/1JDOIxrGzvGRrDCzmxnTVo,0.819,166053,0.533,1JDOIxrGzvGRrDCzmxnTVo,0.0,1,0.0994,-6.365,1,2018-09-21,BINGE,0.0438,104.974,4,https://api.spotify.com/v1/tracks/1JDOIxrGzvGRrDCzmxnTVo,SIGNS (Feat. 24hrs),audio_features,spotify:track:1JDOIxrGzvGRrDCzmxnTVo,0.0531
0.0706,5YuscmEJSgkwWzBafTBKse,BINGE,https://api.spotify.com/v1/audio-analysis/5GsDw8rD0LJ9XF4dEzUPDK,0.856,193907,0.418,5GsDw8rD0LJ9XF4dEzUPDK,1.33e-06,1,0.0991,-9.751,1,2018-09-21,BINGE,0.195,149.976,4,https://api.spotify.com/v1/tracks/5GsDw8rD0LJ9XF4dEzUPDK,LATELY,audio_features,spotify:track:5GsDw8rD0LJ9XF4dEzUPDK,0.271
0.0948,5YuscmEJSgkwWzBafTBKse,BINGE,https://api.spotify.com/v1/audio-analysis/150a7VlsKvbQjfR10T3Bab,0.885,108413,0.482,150a7VlsKvbQjfR10T3Bab,9.24e-05,1,0.156,-8.723,1,2018-09-21,BINGE,0.182,134.927,4,https://api.spotify.com/v1/tracks/150a7VlsKvbQjfR10T3Bab,NYLON,audio_features,spotify:track:150a7VlsKvbQjfR10T3Bab,0.139
0.215,5YuscmEJSgkwWzBafTBKse,BINGE,https://api.spotify.com/v1/audio-analysis/43TP6JCWXgkc2D7Xjz5hBr,0.896,281587,0.834,43TP6JCWXgkc2D7Xjz5hBr,3.92e-06,9,0.184,-4.682,0,2018-09-21,BINGE,0.238,149.968,4,https://api.spotify.com/v1/tracks/43TP6JCWXgkc2D7Xjz5hBr,RAP DEVIL,audio_features,spotify:track:43TP6JCWXgkc2D7Xjz5hBr,0.776
0.0339,5YuscmEJSgkwWzBafTBKse,BINGE,https://api.spotify.com/v1/audio-analysis/3jwgpIHWvV8jfvF21s0SHD,0.891,142213,0.595,3jwgpIHWvV8jfvF21s0SHD,0.0,10,0.157,-5.736,1,2018-09-21,BINGE,0.0725,134.992,4,https://api.spotify.com/v1/tracks/3jwgpIHWvV8jfvF21s0SHD,GTS,audio_features,spotify:track:3jwgpIHWvV8jfvF21s0SHD,0.359
0.0294,5YuscmEJSgkwWzBafTBKse,BINGE,https://api.spotify.com/v1/audio-analysis/4jaH6whRB6Zgy5EzvKN5ZL,0.839,157093,0.638,4jaH6whRB6Zgy5EzvKN5ZL,2.04e-06,9,0.105,-5.905,1,2018-09-21,BINGE,0.194,141.044,4,https://api.spotify.com/v1/tracks/4jaH6whRB6Zgy5EzvKN5ZL,LOCO,audio_features,spotify:track:4jaH6whRB6Zgy5EzvKN5ZL,0.314
0.578,5YuscmEJSgkwWzBafTBKse,BINGE,https://api.spotify.com/v1/audio-analysis/2zMBvrfHVIbcl8iEaoy2VA,0.372,62627,0.263,2zMBvrfHVIbcl8iEaoy2VA,0.537,0,0.118,-15.83,1,2018-09-21,BINGE,0.0325,68.935,4,https://api.spotify.com/v1/tracks/2zMBvrfHVIbcl8iEaoy2VA,LONG TIME COMING,audio_features,spotify:track:2zMBvrfHVIbcl8iEaoy2VA,0.069
0.116,0bJIHF1Or1YBLFBMwv53K2,Hotel Diablo,https://api.spotify.com/v1/audio-analysis/0s8vpu2GVH8MNX2Er3xNYt,0.531,123168,0.343,0s8vpu2GVH8MNX2Er3xNYt,0.419,0,0.123,-10.619,1,2019-07-05,Hotel Diablo,0.0391,95.014,4,https://api.spotify.com/v1/tracks/0s8vpu2GVH8MNX2Er3xNYt,Sex Drive,audio_features,spotify:track:0s8vpu2GVH8MNX2Er3xNYt,0.102
0.0116,0bJIHF1Or1YBLFBMwv53K2,Hotel Diablo,https://api.spotify.com/v1/audio-analysis/0uFNdjWpogmaJYp2zlNJj5,0.734,203175,0.836,0uFNdjWpogmaJYp2zlNJj5,0.0,6,0.106,-5.953,0,2019-07-05,Hotel Diablo,0.0817,100.022,4,https://api.spotify.com/v1/tracks/0uFNdjWpogmaJYp2zlNJj5,Hollywood Whore,audio_features,spotify:track:0uFNdjWpogmaJYp2zlNJj5,0.214
0.0174,0bJIHF1Or1YBLFBMwv53K2,Hotel Diablo,https://api.spotify.com/v1/audio-analysis/0YP8kt3sAYTj6eEyesreQH,0.68,201740,0.586,0YP8kt3sAYTj6eEyesreQH,3.19e-06,1,0.128,-7.01,0,2019-07-05,Hotel Diablo,0.0567,149.968,4,https://api.spotify.com/v1/tracks/0YP8kt3sAYTj6eEyesreQH,Glass House (feat. Naomi Wild),audio_features,spotify:track:0YP8kt3sAYTj6eEyesreQH,0.196
0.15,0bJIHF1Or1YBLFBMwv53K2,Hotel Diablo,https://api.spotify.com/v1/audio-analysis/1xGxSCtX96DB7inpF2wKIS,0.558,216295,0.592,1xGxSCtX96DB7inpF2wKIS,0.0,0,0.123,-8.104,0,2019-07-05,Hotel Diablo,0.153,80.788,4,https://api.spotify.com/v1/tracks/1xGxSCtX96DB7inpF2wKIS,Burning Memories (feat. Lil Skies),audio_features,spotify:track:1xGxSCtX96DB7inpF2wKIS,0.398
0.804,0bJIHF1Or1YBLFBMwv53K2,Hotel Diablo,https://api.spotify.com/v1/audio-analysis/1SGXy6nRTOJmY22vC6JwHE,0.74,37279,0.198,1SGXy6nRTOJmY22vC6JwHE,0.0,1,0.526,-14.209,0,2019-07-05,Hotel Diablo,0.864,73.024,4,https://api.spotify.com/v1/tracks/1SGXy6nRTOJmY22vC6JwHE,A Message From The Count,audio_features,spotify:track:1SGXy6nRTOJmY22vC6JwHE,0.456
0.15,0bJIHF1Or1YBLFBMwv53K2,Hotel Diablo,https://api.spotify.com/v1/audio-analysis/5WZ4qFbz1x2vELPg8S7vza,0.779,194873,0.661,5WZ4qFbz1x2vELPg8S7vza,0.0,9,0.0895,-7.175,0,2019-07-05,Hotel Diablo,0.0966,120.048,4,https://api.spotify.com/v1/tracks/5WZ4qFbz1x2vELPg8S7vza,FLOOR 13,audio_features,spotify:track:5WZ4qFbz1x2vELPg8S7vza,0.306
0.00471,0bJIHF1Or1YBLFBMwv53K2,Hotel Diablo,https://api.spotify.com/v1/audio-analysis/2jRmKc69qzGKzGU9SdH5u7,0.765,146264,0.725,2jRmKc69qzGKzGU9SdH5u7,0.000194,3,0.154,-3.391,0,2019-07-05,Hotel Diablo,0.142,75.003,4,https://api.spotify.com/v1/tracks/2jRmKc69qzGKzGU9SdH5u7,el Diablo,audio_features,spotify:track:2jRmKc69qzGKzGU9SdH5u7,0.578
0.0755,0bJIHF1Or1YBLFBMwv53K2,Hotel Diablo,https://api.spotify.com/v1/audio-analysis/4WZpl5GUvuzXr54h1Dr7vz,0.627,52652,0.584,4WZpl5GUvuzXr54h1Dr7vz,0.0,11,0.257,-6.625,0,2019-07-05,Hotel Diablo,0.389,125.33,4,https://api.spotify.com/v1/tracks/4WZpl5GUvuzXr54h1Dr7vz,Truck Norris Interlude,audio_features,spotify:track:4WZpl5GUvuzXr54h1Dr7vz,0.387
0.226,0bJIHF1Or1YBLFBMwv53K2,Hotel Diablo,https://api.spotify.com/v1/audio-analysis/6CVrnuMvknlW7OXmY1zgX4,0.633,179761,0.713,6CVrnuMvknlW7OXmY1zgX4,0.0,3,0.131,-5.221,1,2019-07-05,Hotel Diablo,0.0724,92.279,4,https://api.spotify.com/v1/tracks/6CVrnuMvknlW7OXmY1zgX4,Death In My Pocket,audio_features,spotify:track:6CVrnuMvknlW7OXmY1zgX4,0.304
0.00829,0bJIHF1Or1YBLFBMwv53K2,Hotel Diablo,https://api.spotify.com/v1/audio-analysis/37AGgp9VP8TVJBfEat74Bj,0.744,156719,0.638,37AGgp9VP8TVJBfEat74Bj,0.0,5,0.182,-4.86,0,2019-07-05,Hotel Diablo,0.049,98.019,4,https://api.spotify.com/v1/tracks/37AGgp9VP8TVJBfEat74Bj,Candy (feat. Trippie Redd),audio_features,spotify:track:37AGgp9VP8TVJBfEat74Bj,0.48
0.0155,0bJIHF1Or1YBLFBMwv53K2,Hotel Diablo,https://api.spotify.com/v1/audio-analysis/581geNTL8gGJE3MEPY5tcE,0.617,196141,0.7,581geNTL8gGJE3MEPY5tcE,7.23e-06,9,0.0935,-6.715,0,2019-07-05,Hotel Diablo,0.042,150.002,4,https://api.spotify.com/v1/tracks/581geNTL8gGJE3MEPY5tcE,Waste Love (feat. Madison Love),audio_features,spotify:track:581geNTL8gGJE3MEPY5tcE,0.315
0.339,0bJIHF1Or1YBLFBMwv53K2,Hotel Diablo,https://api.spotify.com/v1/audio-analysis/2ipqXnu9eUA11VerUdiqjg,0.531,194889,0.386,2ipqXnu9eUA11VerUdiqjg,3.28e-06,1,0.264,-7.73,0,2019-07-05,Hotel Diablo,0.0816,79.979,4,https://api.spotify.com/v1/tracks/2ipqXnu9eUA11VerUdiqjg,5:3666,audio_features,spotify:track:2ipqXnu9eUA11VerUdiqjg,0.0946
0.0257,0bJIHF1Or1YBLFBMwv53K2,Hotel Diablo,https://api.spotify.com/v1/audio-analysis/2gTdDMpNxIRFSiu7HutMCg,0.628,169397,0.744,2gTdDMpNxIRFSiu7HutMCg,0.0,7,0.313,-4.718,1,2019-07-05,Hotel Diablo,0.0379,119.921,4,https://api.spotify.com/v1/tracks/2gTdDMpNxIRFSiu7HutMCg,I Think I'm OKAY (with YUNGBLUD & Travis Barker),audio_features,spotify:track:2gTdDMpNxIRFSiu7HutMCg,0.277
0.127,0bJIHF1Or1YBLFBMwv53K2,Hotel Diablo,https://api.spotify.com/v1/audio-analysis/5Uym8nZf9WyDsxPuum3ntT,0.749,182623,0.703,5Uym8nZf9WyDsxPuum3ntT,0.0,1,0.0775,-6.639,1,2019-07-05,Hotel Diablo,0.0341,95.975,4,https://api.spotify.com/v1/tracks/5Uym8nZf9WyDsxPuum3ntT,Roulette,audio_features,spotify:track:5Uym8nZf9WyDsxPuum3ntT,0.644
0.000279,13lMLnHs5qsmm687oRc3VC,Tickets To My Downfall (SOLD OUT Deluxe),https://api.spotify.com/v1/audio-analysis/26gSBcw01jGFdkbWY5Plei,0.569,138097,0.85,26gSBcw01jGFdkbWY5Plei,0.0,1,0.337,-5.134,1,2020-09-29,Tickets To My Downfall,0.055,162.061,4,https://api.spotify.com/v1/tracks/26gSBcw01jGFdkbWY5Plei,kiss kiss,audio_features,spotify:track:26gSBcw01jGFdkbWY5Plei,0.769
0.0282,13lMLnHs5qsmm687oRc3VC,Tickets To My Downfall (SOLD OUT Deluxe),https://api.spotify.com/v1/audio-analysis/7eTXHE3XiucigdrYHrXpZK,0.691,143901,0.77,7eTXHE3XiucigdrYHrXpZK,0.0,7,0.497,-4.578,0,2020-09-29,Tickets To My Downfall,0.0367,90.024,4,https://api.spotify.com/v1/tracks/7eTXHE3XiucigdrYHrXpZK,drunk face,audio_features,spotify:track:7eTXHE3XiucigdrYHrXpZK,0.344
0.00021,13lMLnHs5qsmm687oRc3VC,Tickets To My Downfall (SOLD OUT Deluxe),https://api.spotify.com/v1/audio-analysis/7FfCyM2CMWorArcWFtQ7ZX,0.533,205159,0.858,7FfCyM2CMWorArcWFtQ7ZX,0.0,2,0.148,-4.212,1,2020-09-29,Tickets To My Downfall,0.0766,160.057,4,https://api.spotify.com/v1/tracks/7FfCyM2CMWorArcWFtQ7ZX,bloody valentine,audio_features,spotify:track:7FfCyM2CMWorArcWFtQ7ZX,0.506
0.000417,13lMLnHs5qsmm687oRc3VC,Tickets To My Downfall (SOLD OUT Deluxe),https://api.spotify.com/v1/audio-analysis/1UJvaNw3UufXObCph26Li9,0.654,171621,0.875,1UJvaNw3UufXObCph26Li9,0.0086,1,0.194,-4.845,1,2020-09-29,Tickets To My Downfall,0.0744,99.975,4,https://api.spotify.com/v1/tracks/1UJvaNw3UufXObCph26Li9,forget me too (feat. Halsey),audio_features,spotify:track:1UJvaNw3UufXObCph26Li9,0.522
0.0342,13lMLnHs5qsmm687oRc3VC,Tickets To My Downfall (SOLD OUT Deluxe),https://api.spotify.com/v1/audio-analysis/5Vx0dXQM4yRn8jf87406Op,0.712,129142,0.624,5Vx0dXQM4yRn8jf87406Op,4.91e-05,9,0.0919,-6.911,1,2020-09-29,Tickets To My Downfall,0.067,77.471,4,https://api.spotify.com/v1/tracks/5Vx0dXQM4yRn8jf87406Op,all I know (feat. Trippie Redd),audio_features,spotify:track:5Vx0dXQM4yRn8jf87406Op,0.335
0.015,13lMLnHs5qsmm687oRc3VC,Tickets To My Downfall (SOLD OUT Deluxe),https://api.spotify.com/v1/audio-analysis/4cJMTTVlG4zefUr4mNITuQ,0.455,190143,0.728,4cJMTTVlG4zefUr4mNITuQ,4.74e-05,6,0.111,-6.62,0,2020-09-29,Tickets To My Downfall,0.0749,165.948,3,https://api.spotify.com/v1/tracks/4cJMTTVlG4zefUr4mNITuQ,lonely,audio_features,spotify:track:4cJMTTVlG4zefUr4mNITuQ,0.461
7.47e-05,13lMLnHs5qsmm687oRc3VC,Tickets To My Downfall (SOLD OUT Deluxe),https://api.spotify.com/v1/audio-analysis/3IoyR0WTLcC8NsudZKh37e,0.435,59740,0.932,3IoyR0WTLcC8NsudZKh37e,1.31e-06,4,0.12,-3.652,1,2020-09-29,Tickets To My Downfall,0.148,160.084,4,https://api.spotify.com/v1/tracks/3IoyR0WTLcC8NsudZKh37e,WWIII,audio_features,spotify:track:3IoyR0WTLcC8NsudZKh37e,0.812
0.887,13lMLnHs5qsmm687oRc3VC,Tickets To My Downfall (SOLD OUT Deluxe),https://api.spotify.com/v1/audio-analysis/0VcuWdt5u4wULTqGR65d6P,0.603,83297,0.626,0VcuWdt5u4wULTqGR65d6P,2.67e-06,7,0.733,-12.27,1,2020-09-29,Tickets To My Downfall,0.947,181.151,1,https://api.spotify.com/v1/tracks/0VcuWdt5u4wULTqGR65d6P,kevin and barracuda - interlude,audio_features,spotify:track:0VcuWdt5u4wULTqGR65d6P,0.226
0.00032,13lMLnHs5qsmm687oRc3VC,Tickets To My Downfall (SOLD OUT Deluxe),https://api.spotify.com/v1/audio-analysis/2N2q2P0N86ZNS6mKYXoojf,0.507,160222,0.951,2N2q2P0N86ZNS6mKYXoojf,0.0,11,0.33,-2.999,1,2020-09-29,Tickets To My Downfall,0.0586,95.016,4,https://api.spotify.com/v1/tracks/2N2q2P0N86ZNS6mKYXoojf,concert for aliens,audio_features,spotify:track:2N2q2P0N86ZNS6mKYXoojf,0.692
0.00047,13lMLnHs5qsmm687oRc3VC,Tickets To My Downfall (SOLD OUT Deluxe),https://api.spotify.com/v1/audio-analysis/5jlivIdjjp1pP5HvN0J0QI,0.561,172235,0.81,5jlivIdjjp1pP5HvN0J0QI,0.0,8,0.157,-4.754,0,2020-09-29,Tickets To My Downfall,0.0461,87.5,4,https://api.spotify.com/v1/tracks/5jlivIdjjp1pP5HvN0J0QI,nothing inside (feat. iann dior),audio_features,spotify:track:5jlivIdjjp1pP5HvN0J0QI,0.508
0.000615,13lMLnHs5qsmm687oRc3VC,Tickets To My Downfall (SOLD OUT Deluxe),https://api.spotify.com/v1/audio-analysis/7EAvqzE3B4S53jH1bjkuCe,0.707,117580,0.576,7EAvqzE3B4S53jH1bjkuCe,0.0,2,0.405,-5.665,1,2020-09-29,Tickets To My Downfall,0.0364,128.08,4,https://api.spotify.com/v1/tracks/7EAvqzE3B4S53jH1bjkuCe,jawbreaker,audio_features,spotify:track:7EAvqzE3B4S53jH1bjkuCe,0.632
0.129,13lMLnHs5qsmm687oRc3VC,Tickets To My Downfall (SOLD OUT Deluxe),https://api.spotify.com/v1/audio-analysis/6yK8yu72dXsQDWRdZ1OKaL,0.477,91143,0.592,6yK8yu72dXsQDWRdZ1OKaL,0.0,7,0.257,-8.693,1,2020-09-29,Tickets To My Downfall,0.0554,82.387,4,https://api.spotify.com/v1/tracks/6yK8yu72dXsQDWRdZ1OKaL,banyan tree - interlude,audio_features,spotify:track:6yK8yu72dXsQDWRdZ1OKaL,0.249
0.514,13lMLnHs5qsmm687oRc3VC,Tickets To My Downfall (SOLD OUT Deluxe),https://api.spotify.com/v1/audio-analysis/3piGeiIp5UJATvb9e9n1Z5,0.677,202213,0.443,3piGeiIp5UJATvb9e9n1Z5,0.0,0,0.107,-9.375,1,2020-09-29,Tickets To My Downfall,0.027,137.089,4,https://api.spotify.com/v1/tracks/3piGeiIp5UJATvb9e9n1Z5,play this when i'm gone,audio_features,spotify:track:3piGeiIp5UJATvb9e9n1Z5,0.629
0.000192,13lMLnHs5qsmm687oRc3VC,Tickets To My Downfall (SOLD OUT Deluxe),https://api.spotify.com/v1/audio-analysis/0NZrY7Lc9g6V03hxRpfToV,0.575,170074,0.959,0NZrY7Lc9g6V03hxRpfToV,0.0,1,0.0515,-2.469,0,2020-09-29,Tickets To My Downfall,0.108,110.973,4,https://api.spotify.com/v1/tracks/0NZrY7Lc9g6V03hxRpfToV,body bag (feat. YUNGBLUD & Bert McCracken of The Used),audio_features,spotify:track:0NZrY7Lc9g6V03hxRpfToV,0.642
0.164,13lMLnHs5qsmm687oRc3VC,Tickets To My Downfall (SOLD OUT Deluxe),https://api.spotify.com/v1/audio-analysis/3FftYzkNisNH913O0KLgiO,0.373,159586,0.842,3FftYzkNisNH913O0KLgiO,0.0,11,0.102,-3.327,1,2020-09-29,Tickets To My Downfall,0.0757,170.149,4,https://api.spotify.com/v1/tracks/3FftYzkNisNH913O0KLgiO,hangover cure,audio_features,spotify:track:3FftYzkNisNH913O0KLgiO,0.579
0.00957,13lMLnHs5qsmm687oRc3VC,Tickets To My Downfall (SOLD OUT Deluxe),https://api.spotify.com/v1/audio-analysis/4ysgA7BNxkyN6Aibc5CZsw,0.505,165677,0.86,4ysgA7BNxkyN6Aibc5CZsw,0.0,2,0.597,-3.708,1,2020-09-29,Tickets To My Downfall,0.205,155.178,4,https://api.spotify.com/v1/tracks/4ysgA7BNxkyN6Aibc5CZsw,split a pill,audio_features,spotify:track:4ysgA7BNxkyN6Aibc5CZsw,0.749
0.158,13lMLnHs5qsmm687oRc3VC,Tickets To My Downfall (SOLD OUT Deluxe),https://api.spotify.com/v1/audio-analysis/0SrNeyEck4arq4ASwjcq0H,0.605,130312,0.711,0SrNeyEck4arq4ASwjcq0H,0.0,8,0.109,-3.592,0,2020-09-29,Tickets To My Downfall,0.0353,128.151,4,https://api.spotify.com/v1/tracks/0SrNeyEck4arq4ASwjcq0H,can't look back,audio_features,spotify:track:0SrNeyEck4arq4ASwjcq0H,0.408
0.000674,13lMLnHs5qsmm687oRc3VC,Tickets To My Downfall (SOLD OUT Deluxe),https://api.spotify.com/v1/audio-analysis/5YEHrYUjG9e0VPQLCp6vGo,0.461,201176,0.867,5YEHrYUjG9e0VPQLCp6vGo,0.0,11,0.371,-3.586,1,2020-09-29,Tickets To My Downfall,0.152,170.015,4,https://api.spotify.com/v1/tracks/5YEHrYUjG9e0VPQLCp6vGo,Misery Business,audio_features,spotify:track:5YEHrYUjG9e0VPQLCp6vGo,0.717
0.00473,13lMLnHs5qsmm687oRc3VC,Tickets To My Downfall (SOLD OUT Deluxe),https://api.spotify.com/v1/audio-analysis/2pIAlUHOhM9ijF4kJr7ZNY,0.731,139461,0.675,2pIAlUHOhM9ijF4kJr7ZNY,0.0,5,0.141,-5.134,0,2020-09-29,Tickets To My Downfall,0.0434,124.939,4,https://api.spotify.com/v1/tracks/2pIAlUHOhM9ijF4kJr7ZNY,my ex's best friend (with blackbear),audio_features,spotify:track:2pIAlUHOhM9ijF4kJr7ZNY,0.298
0.00107,13lMLnHs5qsmm687oRc3VC,Tickets To My Downfall (SOLD OUT Deluxe),https://api.spotify.com/v1/audio-analysis/6yluLIF5UowR56bZgIwd69,0.268,165967,0.829,6yluLIF5UowR56bZgIwd69,0.0,7,0.157,-5.17,1,2020-09-29,Tickets To My Downfall,0.101,199.886,4,https://api.spotify.com/v1/tracks/6yluLIF5UowR56bZgIwd69,title track,audio_features,spotify:track:6yluLIF5UowR56bZgIwd69,0.351
